-9.012325477534574,-8.865152868333547,-8.610298834398167,-8.20718466274561,-6.787377952656645,-5.06654323567495,-2.9971725682531956,-1.4279490732884859,-0.5816180682830507,0.2327376458576861,1.6091746849721633,2.163719565770277,2.7690834173199725,3.105557902514423,3.3291778873966664,3.3092718668720624,3.47344982399579,3.7445228990442794,3.9125507833321045,4.1930832710230925,3.891671695436858,3.618986445614957,3.034023883876418,1.572159301970386,0.061938082583118004,-1.429653240055375,-2.9506052651529076,-4.43490219444087,-6.044802478905557,-7.249136992780858
-9.4221670004597,-8.812274134380123,-8.104660687621065,-7.481681435645523,-6.5950502808949345,-5.050754025532618,-3.1007977853013298,-0.7887358038156979,1.4816723347441485,3.090672017377303,4.6448369123771815,4.207717165809331,3.628845620880358,3.0339346699019947,2.6803466353904914,2.807026959116343,2.7329391185939595,2.74487889859635,3.0500604230495734,3.322323283629931,3.5564194186395137,3.3717747408463525,2.932719489007987,1.868448619481595,1.1282106487966341,0.3697016239995166,-0.2685525563975005,-1.176568938338619,-2.5027172784406733,-4.70983185574945
-1.6494451902937546,-0.42722546751158547,0.7879532156191449,1.9222286133603466,3.1954117004277895,3.796359366245367,4.201163939093344,4.3662559390608955,4.132039474650705,4.292342140561384,4.71309199887573,4.072490653319931,3.4453161753831134,3.243676177626086,2.950008246912854,2.8653450201448565,2.203963251390249,1.6583384313529255,0.820131844251712,0.24272928317860387,-0.6966447470419805,-1.3564716947168882,-1.9414399177722967,-2.3249871200385064,-2.750407814290849,-3.393381200646253,-4.677718868476303,-5.961417374128487,-7.370639380237272,-8.01215568996061
-1.0351258013531108,-0.8230859520953004,-0.4631167348628433,0.08758498664585405,0.9625008420665251,1.8161415467920943,2.0587482703084516,2.530178048663986,3.477045098188487,4.950150702519908,6.22106857667968,5.90296374838367,4.577286924078991,3.2784995125394834,1.811129408730709,0.7411388512800091,0.4097800423390452,0.4296164440262636,0.37607509950443774,0.7924652456850885,1.1497837019829222,1.6075003525649598,0.8744236495341803,-0.6283136313688134,-1.9451551476016833,-3.5005273817671005,-5.243414496637733,-6.616736350363795,-7.369921546944735,-7.690510641890504
-0.28014284843584947,0.2829734136487346,0.7088069923848687,1.3560773836934035,1.9687961657779665,2.52353658187854,2.999692403087386,3.098826198027886,3.694356009892424,4.694174596084281,5.800195665330488,5.574996860477562,4.821907999256079,3.9944784670771813,3.2499578865416674,3.1961825253386844,2.8509161899152957,2.2322989722969533,1.7908272460998849,1.2843776210749263,0.8462121226172763,0.2970101347654945,-0.5741548558172401,-1.505211818453586,-2.457054943213684,-3.656644455871307,-4.921638328426057,-6.241974913456358,-6.901868189267658,-7.655774599691232
-12.232407908450144,-11.489148764617628,-10.196604626672666,-7.954670643265762,-5.787376424438217,-4.102594857465915,-3.0083754817446975,-1.5403973411764358,0.2176617982791846,2.0391317095754884,4.384455362467706,5.0267109353609225,5.549136967327959,5.6387271854563314,5.078419981031399,4.2855366130898975,3.6051831728885224,3.7038536974003526,3.9236118852064967,4.1954537213809875,3.775299604509653,2.800154835025839,0.944164554442718,-1.5767613698250347,-3.176431405440003,-3.9163441776327352,-4.012529229403007,-3.76577262257254,-3.615936762733741,-3.5042524410383686
-2.32094084003421,-1.6173106132539303,-0.9991460355280743,-0.13543902044291595,0.5560359841887652,1.2495463417003887,2.492926146495576,3.77424442164137,5.198322364693811,6.176210842691568,6.668047178383464,6.171996917231926,5.363832364705518,4.914184112362297,4.294778366772651,2.811032585980674,1.477658742666987,0.3227263673103835,-0.42510431615310296,-0.8252259555779798,-1.2849768847321654,-1.739553741372057,-2.354599131875358,-3.141747777455649,-4.488702484882247,-5.714788792655161,-6.166981735148133,-6.268067621408657,-6.622211088213258,-6.986755340577146
-0.8450537083447711,-0.7679491013843218,-0.9500000217203777,-1.017972254229434,-0.6664325151879511,0.47150043519235096,1.9346495019539522,3.630401616644382,5.049473190705428,5.782987038426432,6.32518833444699,5.454485605278902,4.521269677836822,3.8248052484379946,3.4364898075878174,3.285016306015339,2.4177547797819288,1.2226501618389938,-0.017508919650137143,-1.3398033497020194,-1.9447641882734004,-2.185380198499552,-2.5176119643961576,-3.3139379566595117,-4.290340339731177,-5.403489005193762,-6.182486272220092,-6.711951413971426,-7.124138919668228,-7.364401111374986
-10.367117671138024,-9.050546470202042,-7.428369734460908,-5.474708808596734,-3.669301678947974,-2.059706640060011,-0.9169153578069875,-0.4278176003709611,0.29861653826792595,2.065573018103611,3.7884454156528116,4.120128183757482,3.977311708191084,4.086294496907777,3.888760271318055,3.7861216407217273,3.5282477257867946,3.4100350087907167,2.9612310138843982,2.099291516796428,1.9148666099312432,2.0504088517914667,2.4808648581954813,1.9208195815794882,0.8198014196130747,-0.3738659485101763,-2.108595895137044,-3.7657750171114297,-5.352741046971231,-6.867894015945478
-1.2650932706412121,-0.6457884901932919,0.2681402934974848,1.2831570513708705,2.821891461115643,4.422354444749645,5.482861245473026,6.0493724821653325,6.4290381635150995,6.524180358849518,6.742341349736747,6.173519033815975,5.905588099352006,5.422801786966698,5.113852848312777,4.415351107551341,3.6843907100096382,2.898462604208423,1.8003399228817212,0.5131562649321944,-0.8718223809069521,-1.6486841958804495,-1.8829906293941492,-2.647509567798589,-3.0984797682493777,-3.7596631929372823,-4.514125403839879,-5.652620136932533,-6.60452743818877,-7.91334777070941
-9.880462035361823,-9.255920828349483,-8.415072420752512,-7.132578096753184,-5.657431812941144,-3.6839567715886603,-1.2226448278200035,1.0746189664931745,3.2153501207174635,4.398828669192159,4.922746969159821,4.765102696709818,4.388553910005493,5.027508717012836,5.0703293721016385,4.736020384681717,4.239374477320438,4.0761502750518375,4.418435901978876,4.9810191799890715,5.606861786477758,5.912078947114825,5.280906342213612,3.6349176265548024,1.9283662535715158,0.2608406683646991,-1.7558659010312925,-3.6181790224574413,-5.20698937125718,-6.08376596102044
-1.496319121854629,-0.7418407265844973,0.07051502867927888,0.718552494516649,0.5725503825732029,0.6022560375685232,0.9650587740836684,1.7353388737565156,2.9252753614751623,4.488414604402576,5.684184656662318,5.285290130523556,4.855315769383965,4.120092583704855,3.698888851401373,3.0172195665509443,2.869284322159319,2.54060189482089,1.595631764059021,0.5730707622195789,-0.35341712952233284,-0.7793817598877939,-1.321150291731978,-1.744281919940986,-2.3956727289602764,-3.2753521185864,-4.301355802993385,-5.4226758849001175,-6.552582200267529,-7.27432243922394
0.3408245434288811,0.7411505268288149,1.4633152532478668,2.1482955109480155,2.9218271193941017,3.6743247153271583,4.231351569515539,4.782354856006914,4.9627574379093495,4.828740642038818,4.975669834202558,4.481888752563135,4.501206144442638,4.322015117658998,3.3848032340003433,2.414551837441763,2.027455171748212,1.463936327845125,0.7601396359009842,-0.10931720640234606,-1.0650048461809354,-1.8243102969771263,-2.405632315577849,-3.23830523179478,-3.7936218104213437,-4.188568544211642,-4.28309784957597,-5.037860557648739,-6.305753224856611,-7.9101196582889255
-8.77687465783009,-6.400748124981357,-4.430317763360267,-3.6135538649397287,-3.55631952519688,-3.837905142111328,-3.2103608549683162,-2.245700095750796,-0.8984352887484984,0.4764759640899693,1.7084211528242614,1.69941319957835,1.8622887421758445,2.7877778345076516,4.277012917993891,5.649727512614963,5.817048689723865,5.140932443671281,3.870536447822961,3.421127281249265,3.5959782360171406,3.691532075290454,3.032379037478592,1.440720869215095,0.41472209361319784,0.042018518939465566,-0.2625313142168735,-0.8937401377461797,-2.0787372650701763,-3.789398284277069
-2.270794040994479,-0.9523240612284705,0.6021279148411366,1.7830567960812627,2.8056521307267537,3.189313043791533,3.656478374292236,3.763015679087072,4.401640910863001,5.098514794750424,5.491177479507679,4.59052211232007,3.249506196820374,2.1384186769455527,1.6013534372011378,2.062944713145673,2.417981524567135,2.049144022037686,1.508633818896359,0.37006865477545514,-0.2837971169469431,-0.835413741253153,-0.8035479029961611,-0.9734899014154855,-2.192945865637533,-3.7237958669521563,-5.46768403492487,-6.365645391138574,-6.690406174772881,-7.138884713139712
-6.45113786331285,-5.5320946577846986,-4.9689034938603385,-4.610056377516562,-4.16013917139904,-3.4140283888631124,-2.8632363925752378,-2.1392148122734755,-0.8396211540435454,0.3433096264251104,1.2959006454890232,0.9914896324281811,0.8723992371960015,2.011155828088822,4.127627716823569,5.218608277272663,4.994195197894676,4.20595521542886,3.117946097629041,2.812411510418578,3.449902507361906,4.757563383790933,5.498688870549092,3.864687909232049,1.807412187782674,-0.7991073760740548,-3.599703819638137,-5.805644136424149,-7.454858338713589,-8.99557276872734
-0.5103604445731335,0.6799381170224388,1.673142516605963,2.4782507071685576,3.260989848013729,3.6760837824456973,3.884622428348212,4.430411753585974,4.718523319528634,5.53893515606843,6.127625161516811,5.48149085865987,4.443060777457852,3.5098593983119,2.5751240481380426,2.0310694098543234,1.6391282124888782,1.2994983707150354,0.8110446418789484,-0.06469158800303931,-0.6202006269294423,-1.269399454341419,-1.8689190223767769,-2.8929025940522903,-3.7323966025483144,-4.428005534254267,-4.82553213691466,-5.275923114410755,-5.863257785240617,-6.5783965584630915
-0.866944470717999,-0.12920072889172296,0.3695510301607766,0.7951963181798128,1.30013264727671,1.8097150991036948,2.292282559366939,2.9615355828966905,3.3741830547412213,3.951486357761132,4.513379410772722,3.862892072872605,3.202735162996766,2.619529364850829,2.534729813909524,2.776656681863503,2.826868175705807,2.9179677432407667,2.704019826278939,2.01824240155902,0.588639363229456,-0.7650674654203936,-2.0953989902279044,-2.5543205894255623,-2.8092916391269545,-3.297402891366636,-4.415039023419024,-5.802514712416972,-6.614064962333013,-6.785882159449491
-9.310621521804737,-7.701069343222729,-5.679317908984056,-3.2023710577809545,-0.3902982405912566,1.688643122750896,2.9422575508746993,2.954276227578031,2.42868082405279,2.4281137519667038,3.194731237321022,3.0928161837708585,3.215482066272798,3.671713303481439,4.351104076358528,4.779222916462562,4.9072768211503215,4.455322709549248,4.086571890053866,3.81366119192456,3.86454681935031,3.3130815951761945,2.543468616242724,0.9138382884011461,0.1715249467741068,-0.5846019803539738,-1.4394612218292464,-2.842755238679123,-4.5710448254416995,-6.4884419877803525
-9.839264005877666,-8.391090230644338,-6.284265320859736,-4.72368411862853,-3.590872278945916,-2.8615071331822204,-2.207834147967977,-1.290278220315081,-0.5000342644457483,0.7633011748218117,2.910015296084896,3.663532576165002,3.9049560014246674,3.4518272798985628,3.1181252133044675,3.306125645667202,4.177591684812713,4.617659613563767,4.659497164636784,4.804452231715086,4.363599410142924,3.8131160320034,2.5286403658893106,0.574137556459457,-1.4656466659592462,-3.1796118336671713,-4.462365643561601,-5.304655570940523,-5.552264273401031,-6.104797297990975
-11.971784836022021,-10.654152612507845,-8.501391022154545,-6.119656035570982,-4.08541150016296,-2.4135467233992993,-0.5927619329437187,1.3076018668933416,3.4184703248365924,5.24029131352007,5.9606575149367975,5.109554869300062,3.9981959559428017,3.7147326242453342,4.552289485289446,5.993374447382881,6.7192324286599785,6.425907107711408,5.386258904547367,4.680584186569337,4.863133264776204,5.666354993177791,6.033072107505797,4.361537993451157,2.268097165652696,-0.05890980140363122,-1.8832647646265785,-3.1368969215244853,-3.322330269375457,-3.3471422987984005
-2.077829445694478,-1.4734949461720228,-0.6420431157949387,0.42099374435159537,1.3451039041225898,2.1065148969236778,2.531979773566471,3.25545419745481,4.382331892489313,5.5487103235334665,6.59197273526814,6.353429508919917,5.701285185984512,5.170546000010232,4.706020783480517,3.9371378782214648,3.0909737540081386,1.9561203389724453,0.9330373803363726,-0.02080085606621848,-0.5916996625455601,-1.1316178529449221,-1.5476452320360778,-2.403234615885458,-3.7057821450543016,-5.11632853625985,-5.999276091981609,-7.1233299538162305,-8.112649947095294,-9.09881383902664
-2.850004616493026,-1.969546427158922,-0.760155255225679,0.4530359893160462,1.3116232818582843,2.0757814986407377,3.0518086730115437,4.058178283323919,4.739618501069685,5.624403479775099,6.417367198130531,6.01942411899774,5.391576994536887,5.2754484901028995,5.196506225484365,4.5648823070375215,3.296006954827557,1.7989147461031085,0.7022294941748108,-0.39629429925071014,-0.9488777705054703,-1.3995752478048418,-2.0022803667392406,-2.5233342474022713,-2.949483039514712,-3.452228533621343,-4.235455998176567,-5.242119870567957,-6.104054951087515,-7.02306146219285
-1.1968291576644123,0.030995176525081602,1.0505978818618822,1.4900731574229569,1.7370496095224717,1.7951359126673423,2.330411814508656,3.0320474132254445,3.956017631656785,4.3729789526515015,4.7707538683723385,4.257925059205822,3.8126267675555865,3.665423848586591,3.41349779840746,2.8710527938145596,2.072443912524002,1.0427871289053836,0.1085430966512729,-0.43904909704094575,-0.3294536000999635,-0.748015170495953,-1.8142223008706206,-2.893249496881533,-3.941795926283644,-4.820402780683398,-5.5636869391613475,-6.267160564837341,-6.710535669461148,-7.190813576281908
-12.276056558162058,-10.812188196847995,-9.13346240960041,-7.347169665323184,-5.748769994958191,-3.7304787404910322,-1.0780922673510067,2.1604403807795998,4.265689824547419,4.8515827349857155,4.6720232074660215,3.798172679010416,2.9963533198230654,2.744291288869543,2.2303406119594382,1.6284341751738851,2.3274247032928566,3.2316307614014037,4.068212966752218,3.9727829437420534,3.9383253197836052,4.097855522845053,4.453483979973831,4.347497399838886,3.882180373588923,1.967044146127666,-0.8985652525680403,-4.179892630133369,-6.8503439157138555,-8.413176164137003
-8.824823128998306,-7.146236340092412,-6.295145040285119,-5.907789072251214,-5.431778373404511,-4.745540117927595,-3.229963104966793,-1.0509245799527462,0.9621401419145036,2.5823242589357123,3.5019887791857123,3.153901605503412,3.0315980339972555,3.37226418544163,3.66878740783747,4.061944461778703,4.409472469133643,4.417454971685422,4.564536177904445,5.320787246249724,5.966137783976483,5.924235511948326,5.396320485486003,3.8290286777646467,2.331959562017256,0.844065622005506,-0.3986413899450788,-1.5709233339974396,-2.564650656715716,-4.136034528282464
-0.4776183280117732,-0.1191811819241474,0.37044677448760127,1.013053100277113,1.9153626846282383,2.418222399421629,2.997660357874634,3.786716172735011,4.5382616424994655,5.339561673762848,6.097893250069856,5.618191397825563,4.834989628104736,3.798637432317703,2.5896916711535156,1.7727751679798176,1.672955586090427,1.5907227026049982,1.4385562447624745,0.9021893579924588,0.24847595571329673,-0.8009093322896367,-1.6767476160749364,-2.353969669597716,-2.901716633811115,-3.1599041634290024,-3.588158668786721,-3.7714421121848245,-4.6811548227478275,-6.193053436067707
-0.9684776151553426,-0.13835665708695927,0.5568481516229842,1.2209267686962697,1.9023128994312415,2.7936478999636125,4.055104708968692,4.997055173096816,5.615226438437687,5.484864790039789,5.472545962341028,4.842444847070447,4.515971826379661,4.735875058291561,4.73141577214687,4.570338784298564,3.924458975625134,3.153639266548352,2.0929500354848405,0.4339213665929503,-1.364392828161933,-2.6852282395932647,-3.3639132896786736,-3.9529817372100373,-4.426729678691488,-4.967557285329655,-5.773269528522634,-6.74113213368051,-8.04127297602143,-9.257225019409423
-10.334589663269469,-8.585649758491959,-7.084003186025695,-5.8836697429788885,-4.828028532557256,-3.2688472850861854,-1.5438980638395265,-0.7259116852504615,-0.6443838361879153,-0.4564365549450873,0.9154980166630494,2.016015009884527,3.164308481876844,3.7992355617203866,4.080926689203799,3.9523972233995064,4.159296951861127,4.4531760870788295,3.7592810242020613,3.3826436678248006,3.4053021399075245,3.9235274095905055,4.09107109884463,3.167789000799218,1.9184751548905798,0.4984795653930202,-0.840960230530871,-2.18549983287177,-3.3996477681256394,-4.954581457799984
-9.38033554896991,-7.359819587144909,-5.477452215194171,-3.925195620509021,-2.87963662895296,-2.163156079081287,-1.0182331547470482,0.8486163111152335,2.927771584785173,4.068041756868016,4.493941520237837,2.952047454867187,1.995494638536025,1.2909233620612866,1.1625548002925863,1.5471705589810558,1.7673966113904496,2.1370618866111153,2.4829896061504253,2.5304321374622667,2.864926890009145,2.8242753881974143,2.532088941225982,1.0180890539235894,-0.21671590535422453,-0.8880614939561866,-1.482530016280143,-2.277423164210569,-4.0320346430136516,-6.083759365525301
-10.031045291596595,-8.614665088620148,-6.606327832448547,-5.213836858211983,-3.7971524965718513,-2.5962422985022418,-1.7587783154379881,-0.9675866831661001,0.024759359142935627,1.7409238627095371,3.7351436985455373,4.077270295728011,3.874246855874914,3.227571204479194,3.1056066350361102,2.783358157586192,2.9901375989858905,3.4369279721200314,3.898773581007642,4.0689590048611874,3.793074740572951,2.86884795817446,1.8997206656592536,0.19497935957673151,-1.0243716167097312,-2.0427475487791567,-3.0062736011785987,-4.056396560856253,-4.814392638556865,-5.885599531103841
-0.8364479851697239,-0.44535831461913283,0.5232878084332261,1.5260423405751948,2.292788601352788,2.8622387518600054,2.7425846360665243,2.930350676761353,3.3612183223718763,4.485885133571614,5.79064388993635,6.02286234270661,5.415783293289017,4.549707655824323,4.222732319534869,3.6358266100904886,2.7856187706952142,1.8438812647058578,0.6904212847066662,-0.1800739099689043,-1.0717981344242786,-1.58897607679866,-2.2273423569993582,-2.857557828451434,-3.580744814845624,-4.351549064642098,-5.038221825715202,-5.28040135965889,-5.508979797026189,-5.910166367722892
-0.7983586124698555,-0.2323775160764009,0.6166104524384475,1.3477630861782737,1.891328460902886,2.5195675630997756,2.916530443289501,3.5207733528011333,4.6368187716146245,5.511905210740861,6.1257740622188415,4.897713831547405,3.413394986864162,2.3309974694113205,1.3367824960254748,0.5478387955697109,-0.1949457762733206,-0.8516185791519941,-1.2733942182833633,-1.267018752228991,-1.282587036024817,-1.3231685290012953,-1.9490205565400929,-2.5635526712645524,-2.6854751380739033,-2.804009848083136,-2.782090471597605,-3.782394234234482,-5.692376772089764,-7.854116251627045
-9.834542878874485,-9.479040154388343,-8.703521706455653,-7.753589533142856,-6.046503110813551,-3.503829845064097,-0.792091227347836,1.2819670866153514,2.5542148012433317,3.305937884060797,4.055993976499937,4.285699594077759,5.157162101372501,5.829726585452119,6.392196856364663,6.476186646329198,6.244782784775145,5.766212208214824,4.838018530483218,4.057195682512935,3.8511047836005363,4.0873752497444045,4.1751030567825085,2.8582760423109344,1.0372603028821532,-0.12423816125033092,-0.9260924667633244,-1.9660814127354882,-3.6077074933575353,-5.3529705324825585
-2.150161896321075,-1.4725205970252244,-0.5811296837266566,0.11236723109454272,1.1466578312091456,2.007419592993483,2.905292144622954,3.87791162195548,5.050787814720806,6.344611136902184,7.786169745326943,7.756590582530132,7.075032627746001,6.1846295227481205,5.305287709955291,4.2961514910270715,3.7552546355360534,3.2094183933943405,2.495676511462447,1.310952921031011,-0.10662182396504527,-1.3620156717529193,-2.586506533207905,-3.4808368804037872,-4.117128562032232,-4.525242643576333,-4.976177481399884,-5.65779148378627,-6.016644596483195,-6.444439638954403
-9.074465937001706,-7.804634819426512,-6.823644369799439,-5.888223083716756,-5.452505908445215,-5.352685372112969,-4.528710745331318,-3.2922773021004286,-1.4033214180786313,0.39235284300899836,2.033101460553815,2.5762011362248667,2.604676566120851,2.892652313732297,2.9397521741186243,2.7638958642154225,2.614568815041161,2.704212439263525,3.085520061024174,3.025781964597992,2.7000711712199488,2.1158262357044646,1.508606259374458,0.2303940797513336,-0.6239744485810199,-1.4754571538787224,-2.3710001667619376,-2.8810026712348566,-3.761512006465665,-4.881626371338027
-1.3000890580416338,-0.8560995027093005,-0.003484442812562931,1.4528206943083923,2.850529426460032,3.9140412377941076,3.6860036539865177,3.7775750152624177,4.235877961855028,5.146915582170719,5.82758630073153,4.99831779882185,3.908075607274419,2.851244149837844,2.6830634853614086,2.688780337968406,2.688713564175834,2.382333046959984,1.347914026385567,0.3314778456486863,-0.9520606837164558,-1.6801630767814748,-2.475988198945441,-2.9426851086201418,-3.5721424444299066,-4.232616383360378,-5.182250116046383,-5.759477042952801,-6.218276796284071,-6.645974729338737
-1.2126517336381442,-0.8726945152184367,0.1995213984639782,0.5318461557470029,1.0155283284229153,1.2553566923377557,1.6983223338140128,2.6540967395286845,3.408123286943662,4.017608140760899,4.57559518796178,4.081775557045933,3.9526363081392715,3.532482995338637,3.1174303231230027,2.207484141927783,1.3747688242576772,0.8705126919073866,0.03387393441651814,-0.7192850468859109,-1.2948679272421555,-1.8082288029636204,-1.9284555495752083,-2.291064511557591,-2.917183031340252,-3.8833531023307692,-4.911652431105865,-5.735778662767932,-6.159079225527623,-6.573448660775218
-13.216897196101407,-11.172907172645749,-8.27395914801869,-5.4122327676643005,-3.1313439227743847,-1.850901258492418,-1.0580017458762765,0.03171142482501174,1.5159801504844803,3.1300062897251157,5.014472874498241,5.573660485369082,5.625267348583019,5.213870645636725,4.677390300045137,3.909306631963598,3.66889406422322,3.8127526240848124,3.8594891893473093,3.472863203858789,2.9530029033868086,2.7602663741177405,2.876872785716998,2.134341041423186,1.2229005679987819,0.33788827088824525,-0.44077494091808356,-1.1557029597034976,-2.2287659023334463,-3.719317970128472
-7.505206953310712,-6.314675402107175,-5.696190702429045,-5.3139733151987665,-4.559700747664734,-3.262996902260034,-1.3238000630698132,0.20284693115965424,1.3782855240167549,2.576327340785731,3.762432143433238,4.258469249206797,4.973618507380477,5.599805167780585,5.765130888395823,5.879173640172145,6.38585093587185,6.844353426279886,6.972643951741717,5.732134882172779,3.859339924338654,1.9365969252239186,0.7090842398659775,-0.4550684832802482,-0.5836187254913101,-0.5749004713606113,-1.2194085682648417,-2.1937632626610375,-4.091052681193579,-6.194396098163838
1.1086533915679,2.1014194005700637,2.610074209592623,2.8410317712179105,2.933623156987034,3.1657586038015877,3.3693468002617606,4.013195792557874,4.750091139873374,5.24180261801122,6.045257053773322,5.329720494299042,4.631099090987275,3.7645992705462166,3.0208654718200396,2.4284773466174348,2.081961025991319,1.9089081412747426,1.8162437553497202,1.6209962814346985,0.6434441389056613,-0.5112663961906657,-1.5797047797294326,-2.5050822892108884,-3.1712552075610745,-3.440437831841709,-3.568892722046599,-3.652521357697019,-4.219918072362486,-5.234619327235783
-0.4143935897475066,0.49493928988049257,1.3501680511700884,2.3654727610427657,3.0182131028225525,3.4107286946077635,3.3996106430388426,3.36310809752679,3.8989398228520074,4.838476120303684,5.514600629644316,4.833522764351742,3.95465431320926,3.47210911349591,4.102253384155974,4.815195015395184,4.787652594354372,3.6614488389951894,1.789520582400381,0.2337466665305988,-1.0300462936550125,-1.525309218499218,-2.2933751646506546,-3.204402380375257,-4.328950502628503,-5.111119593634286,-5.218067979150929,-4.884406510222636,-4.893095170030474,-5.228765170404433
-2.3692138904737496,-1.9754959352866723,-1.54475377854945,-0.9123072149800495,-0.15417455198547156,0.6825797818293918,1.637885893862996,2.885314518187331,4.164832785197631,5.1880129050396935,6.163012457720215,5.404563942570945,4.43005659991177,3.4187164559222185,2.886905562256083,2.1510698397410066,1.8375509873445033,1.7041906790643901,1.3079232424202216,0.8052840862547047,0.05224591283956838,-1.0411590115359632,-1.782140512900905,-2.3303025557747397,-2.962908079234506,-3.6276456831125534,-4.590038931703918,-6.05636631109559,-6.778737454394249,-7.2726988367507035
-2.2135322766956262,-1.4406632706024578,-0.4668827312329738,0.8740368149297416,2.2698139348964377,3.4710664663570996,3.68837222630286,3.5477761575711284,3.3139285034394037,3.5526703527373145,4.495461181524621,4.6652364708700915,4.660467092838662,4.472273256357308,3.907911763505196,3.1197453442073404,1.584839592541574,0.2443636643698735,-0.8900126618561935,-1.517064260837234,-2.274201546141232,-2.7811712448533665,-3.525439141163305,-4.263602326749891,-4.656800181776667,-5.206896085270142,-5.320452852895058,-5.824241545066942,-6.419564338592317,-7.196522669578522
-0.29662972837118035,0.4429582205453516,0.9216446673193625,1.5356121111898975,2.1259444568364945,2.7968799255421444,2.8322035204094784,2.933842903137642,3.5088617434482967,4.876620062531305,5.856024670331015,6.007010138806629,5.510704882682386,5.021421631534371,3.9704483347614974,2.6645206621029986,1.2041421263873975,0.017816694367970537,-0.9304432526610957,-1.5280509361237533,-2.2595079056792713,-2.9315364074607366,-3.6887744358837473,-4.190349930829255,-4.610371214718906,-5.252183161903422,-6.0160152170417875,-6.890236356928296,-7.291873237112198,-7.860121520502819
-12.7184751192381,-11.846584763511554,-9.960032306163406,-7.269421792666151,-4.463540571504878,-2.1892050404421695,-1.1258099825056818,-0.20969697564095982,0.747732924184779,2.1200166813074426,3.5570221120643595,3.789795582124296,3.508453821771517,3.3582572493369085,3.6796557890933803,3.6382324260142997,3.337232883489035,2.18248606588187,1.795587404106456,2.0654346982408294,2.3413414729268855,2.4645324978736864,2.103866300645311,0.9574672544262229,0.15795368756893782,-1.0133681653275683,-2.556497921401998,-4.3185173557111725,-5.3829461146887505,-6.184489728908209
-10.411334445324279,-9.117945902382159,-7.260739792369424,-5.171276968271295,-2.8305725439726,-1.1478674682406835,-0.4496303121882065,-0.0860937493655697,0.4088762804971762,1.2144318598704613,2.8730975751111343,3.718945375424767,4.534540637696118,5.251147715990565,6.124595088196569,7.3923009695081205,7.884708468261703,7.396091703377084,6.721171196686995,6.014122873913892,5.259481048632851,4.81811812550441,4.397027267829032,2.6674286783850962,1.0799348352392846,-0.5595665029921832,-1.88469545064116,-3.114874255837531,-3.927199271184951,-4.669906039171411
-0.3507563647589269,0.5223091090230019,1.3428576834190884,1.5803405111071032,1.7886025552906843,1.5188772855908077,1.905031848832955,2.4391181243201627,3.600179123937092,5.07722099906929,6.3673489833535495,5.71382261890608,4.4757164301721435,3.2937316904757608,2.22570906307312,1.9581077148373727,1.9922338091105387,1.5961637879841564,0.18169944156255244,-0.9448527540534507,-2.4468420744011827,-3.7192258995284,-3.9745688325914603,-3.9296472784327268,-3.3582796410641076,-3.328812607029628,-4.201335984422302,-5.115125367336861,-6.006281082569643,-6.713609571861584
-8.689623863863027,-7.2018557049683,-6.493018997370081,-5.780572590104584,-5.318879390534809,-4.3626881115037035,-3.154275053422035,-1.4638222654243835,0.24585029092033403,2.321610005121982,3.9430559996300447,4.681274756965921,5.099409233372328,5.356015927252249,4.925985576867911,4.271559567248784,3.4059077697880777,2.936728838775912,2.9778226157229493,2.938602702852581,2.950269895851461,3.1449911484792294,3.585678893258143,2.9881930599238378,2.3467949067359264,1.127952372484068,-0.5967004773639573,-2.295740988722376,-3.950637965128835,-6.237015707555141
-8.4960004532926,-7.159290204474666,-5.123001251789924,-3.47949007293549,-2.5613984336540776,-2.4170781207011816,-2.5029595312950463,-1.712974476381616,-0.059369675426788,1.9832187675116373,3.8935434590034355,4.1113309687331325,3.7135151537942903,3.322030588031914,3.1250313579710527,3.085525448076122,3.8899898325838045,4.846232913956681,5.203436477537124,5.1574414443735845,4.95456019168217,5.21689638553563,4.939980779329547,3.317425317252461,1.7549009834036342,0.2626404195354334,-0.6267580364987942,-2.0885232110960428,-3.717993266286221,-5.681306113700306
-10.083296610759822,-9.412214611918419,-8.85246205562276,-8.239758854272376,-6.9065250218977505,-5.322127720371505,-3.544227910600891,-1.6018519108813873,0.15847393389709724,1.4871806947130213,2.695470041782967,3.261359086000068,3.8483859767910475,3.988559251372189,3.5654420496386976,2.669611502848481,1.8053251360631648,1.5753145376532192,1.8817068861778017,2.647325140059254,3.3882699694964686,3.935888191288944,3.5674418858247323,1.517453529471533,-0.6047051628603105,-1.8729675992307186,-2.2701185536198634,-2.676980465053667,-3.884137330371724,-5.395666678814531
-1.7343448030736786,-1.0246382383948949,-0.5263970825392857,0.4707943610337484,1.497596175001769,2.3050975030990246,3.054980157374982,3.525465188602363,3.551277046139103,3.3292126615490623,4.264326879784275,4.1711216832206,4.3100585469613515,4.15179373802932,3.947564977983917,3.3690214316328944,2.54569848616338,1.1878026084207773,0.014663477572058561,-0.293476608943701,-0.16885191695699514,-0.5250881945215603,-1.398974413261879,-2.761858542349751,-4.181544873232894,-5.03737253177139,-5.837886711875824,-6.783482363106089,-7.5577889533604505,-8.261807830367033
-1.4667960666723476,-0.6815894832259868,0.21719784591238295,1.0556698947466996,1.8582110249884864,2.2700999776425888,2.8214697121400487,3.315973794921456,4.117022039575754,5.017023707456414,5.8186149116740875,5.220259133899154,4.933417273362391,4.689681996884978,4.2411335488066975,3.6200804679687515,2.9218622183872287,2.173455545636959,1.470752607721581,0.7348756218841246,0.18806140262976095,-0.4223842211521303,-0.9644662578796112,-2.2821770811106776,-3.7445966407453515,-5.500619238136964,-6.748475011069812,-7.619466270006744,-8.126282889044752,-8.755799188158642
-10.395146641532698,-8.67967114656632,-7.108193420637833,-4.968066921999865,-3.084109536381001,-1.426893235034576,-0.4748433030532704,-0.4131700894954681,0.29832237979279835,1.6550791641204012,4.16579541436875,5.344027302174077,5.948135783896506,6.403231980373528,6.733220945267555,6.510508844708342,5.179124224000126,3.4925626476022673,2.167822450670787,1.542925249347694,2.1203746621660717,3.1642681703998443,3.900061425166738,3.065424958509185,1.9979285833390268,0.21467407201930136,-1.9526430564743864,-4.264931595250444,-6.407904058934125,-8.128866675619832
-9.091618406683288,-7.2887917207763575,-5.805552818065033,-4.587156791679677,-3.8728142367769687,-3.1904179025617205,-2.134529883510135,-0.37894631322457745,1.725166839699396,4.073135429891605,6.071444331981828,5.946680087298444,5.1306799068433,4.03955548094942,3.31973178585098,3.6193381802899767,4.366413805175729,4.636310903996351,4.512979025404763,4.252641252614295,4.169044888192778,4.521164960513932,3.917527386930091,1.8822559857224486,0.23413388366703813,-1.6761569190111256,-3.6079156176998786,-5.3335524898343465,-6.4252237742863425,-7.003207707165444
-10.49568588207767,-9.521747922687492,-8.202903446899375,-6.749349825161294,-4.379679754677387,-2.5695206453517834,-0.8525853043859692,0.22924823660103025,0.990384027670588,1.5901956030613762,2.2379187935741136,2.023257234032954,1.9522483071410817,2.4273641767064524,3.1812853992433205,4.1076683755283385,4.692951095152349,4.854366890596269,4.80154636568506,4.915084792229268,5.651334311841323,5.565098022126671,4.745811797207402,2.954287330889759,1.6614681198511512,1.0069519718973459,-0.09809235465904517,-1.1474539225002225,-2.8278482808047025,-4.3204851873055885
0.26564501157804044,0.726777285315527,0.9792540779801099,1.1714183506723148,1.067752346489369,1.5099158115742048,2.323524658879196,3.7949946391582188,5.381845022077805,6.459117193457465,7.12502478421552,6.046741519792258,5.0961940599158595,4.765016431703487,4.199693358372713,3.1866594180281798,1.950190574634037,0.9416940449044927,0.21810524556650474,0.008447150094714528,-0.13872006407377507,-0.5902993513352729,-1.7404355646992125,-3.215533796037762,-4.5595073837084374,-5.37117535526656,-5.966249828326433,-6.658510951212986,-6.647501003575625,-6.60539768037819
-0.6076725798078121,0.386405753624242,1.38511862831218,2.039953144559956,2.5559389262708314,3.0329256275036514,3.9032553478568617,4.65436143010708,4.957027771708176,4.904302574300469,4.739352789555048,3.1865371987738733,2.182420016801313,1.56806526119324,1.6606866440318284,2.326044817882599,2.432337576973021,1.8593235505272319,0.8515501699298564,-0.5121418769873138,-1.6314338983923078,-2.657661037308133,-3.429692770157614,-3.8746305081669945,-4.0689104039325805,-4.029162250583281,-4.0613118285136665,-4.024392439626511,-4.245942435526379,-4.485993007099938
-0.40694475096321747,0.7400552830174981,1.3504978077406786,1.7262228470809344,1.9844266373816937,2.485669027702621,3.3900653424338567,4.610807847089898,5.813933988560337,6.315385604363603,6.6828866662754205,5.608074261810108,4.465404395118744,3.24177460653895,2.629249083504474,1.9784230489159933,1.8654690870670287,1.8328109195719893,1.5816735322688347,0.9344856730172976,-0.2963398084570752,-1.4418861862766836,-2.495249629372643,-3.0975465810658553,-3.972568103082945,-4.907483862695444,-5.635709013030572,-6.130394374698023,-6.50305663979097,-6.842426102441356
0.2875793305446937,0.663934715742844,1.056821533977325,1.2543343773687545,1.869502881130426,2.49740261767393,3.021187919522005,3.4980812510213823,4.6514074187274055,5.427293840562759,6.231015657321046,5.364989427670168,4.0955046356714915,3.0542650255326613,2.374173881112929,2.2450844815104407,2.62763047339753,2.452978517012348,1.6269726243963571,0.8223808896151321,0.07529898338379022,-0.5662718877037355,-1.3328431294663001,-2.377430816298752,-3.148863936272581,-3.835178522302046,-4.376853204655622,-5.103416652914834,-5.937050677830706,-6.760057232130137
-10.240953354463583,-8.476398859904137,-6.763256828034869,-5.154461787261261,-3.6346981045849995,-2.548768498368476,-1.890535839695932,-1.0614282168869753,-0.10750505530782836,1.785478162738653,3.5619257679444325,4.004374643563413,4.255512693810673,4.320459730207172,4.107283981096411,3.6769400245006825,3.152015421705038,2.293680534091887,2.163603454737256,2.5311974347309008,3.802714082272704,5.234913184554914,5.6309005829409084,4.236084620204715,2.2588614487032843,0.4301948713969942,-0.819782492945708,-2.1021336732708016,-3.7938780942847736,-5.93915140117656
-0.2649990928810804,0.1985564931115928,0.681043375890134,1.0291298660491903,0.904061873759578,0.95673008586679,1.5040072481105864,2.7727730881869714,4.1322984271693946,5.3079705325502085,6.282673521952168,6.293712591439422,5.4712083051343665,3.6772630363411816,1.753962740958793,0.2467883496300511,0.16077257043129853,0.3672864867593626,0.45064729072050047,0.08406359050724677,-0.9212926016430082,-2.34083138672389,-3.9182278395433703,-5.152703586609259,-5.431488782100311,-5.473622463124482,-5.828527449097449,-6.361034766107079,-7.187561336141729,-7.949973008645155
-1.244991578427741,-0.28967372958921384,0.19279416318588363,0.6717183731312244,0.9918006391971209,1.3416661574741917,1.7369778216316063,2.6229102822055346,3.9171179331854677,4.918623206300616,5.584712787414313,4.961377980831623,4.275937297638747,3.81766064780775,2.9764780277055722,2.1911432555262422,1.5753263515261218,1.5621546472182717,0.9910411860972259,0.20465709267678941,-0.5965773746331636,-1.2818084421392126,-1.900096747348958,-2.4681958971305136,-3.077411515998974,-3.456828148008648,-3.9011548341688025,-4.407366769654898,-5.497609369955877,-6.659223359903319
-2.0328438344506496,-1.1743986216925366,-0.647808699007077,-0.3259232778913065,0.3091212718761368,1.117258353936054,2.103889725209223,3.1542640693530215,4.101572841795726,4.577891250172214,4.9083815889909115,4.380900948703355,3.6839573915367256,3.5749102940643827,3.591083871715915,2.77823249649222,2.1833344342451437,1.380240933670687,0.6253552697200673,-0.6485303773494284,-1.7416869791142497,-2.847269632419267,-3.315069120461461,-3.7114528007367005,-3.6920553741214164,-4.006646414362068,-4.1593681101311955,-4.400572492636294,-5.427240463170541,-6.57029301706571
-1.3819054533239854,0.5391778402172734,1.662601107814505,2.212923257602567,2.505731287579707,2.9657256294748633,3.7483790715205845,4.418972568304357,5.164822770582777,5.735190860914242,6.017964019206984,4.685671287786233,3.1615282895734786,2.104100524469001,1.7445578442501917,1.6694755261748555,1.5643261185388961,1.1607918315934196,-0.1580127764737944,-1.304067797700759,-2.5056481243395865,-3.334957035887799,-3.929553772626705,-4.448657981906197,-4.9779361241917615,-5.356340831571419,-5.638008472649528,-5.699125474467337,-6.726927987436086,-7.728353350757405
-11.412502678357626,-9.983794468631602,-8.670697482649512,-6.656885871645505,-4.609285269231482,-3.2736609905736698,-2.651407069845825,-2.0034007414884223,-0.7813976376879475,1.0508987717238842,2.932202738291903,3.6797205063844216,4.198076290394881,4.652064406402046,4.570160015114666,3.470420126893152,2.8723246691140583,3.2175531910382467,4.111536373219139,5.052217015403438,5.39717375650314,5.220993451992712,4.197034941290049,2.1896287825001557,-0.06734424641056372,-2.1964433331420388,-3.9683768330345615,-5.124252000963078,-6.334302762941817,-8.20888771502058
-0.19124925860939984,0.05708169114967626,0.1624731286805744,0.10468338139399412,0.22553036360256642,0.6146244632907362,1.2628398569967245,2.3030864650167624,3.4125515664940673,4.865039636756476,5.751315437946905,4.915339832530725,3.879275909866545,3.077114355142169,2.6895018734389637,2.144112925972046,1.225709973938012,-0.19141907769505742,-1.508753161480202,-2.5340177600262375,-2.5599857858678967,-2.342181879174389,-1.7334877795983645,-1.7436214764181674,-2.4026009725043744,-3.312083608842077,-4.248668005241474,-5.130009628147177,-6.137543404469831,-7.193927932853861
-10.856515649722814,-9.649469898772066,-7.864263143250506,-5.853829356934946,-4.040235934601585,-3.0374867466190807,-2.334282803091158,-1.134269228186952,0.4934728798775471,2.26467252740645,3.9413395262130555,4.173067189408555,4.057541263167966,3.2113268985061585,2.4551459089742353,2.1754692952587202,2.5158473972869775,2.9291783541969587,3.644169782042183,4.129286723362206,3.810459145287909,3.2354587255669656,2.275030161066329,0.34252638537272573,-0.9156842209034932,-2.4403533796018504,-3.572306177032712,-4.742320153710163,-5.633317011693002,-6.362336770964995
-1.3513187110265301,-0.27924077285009263,0.4941067747943692,1.091220729923652,1.4755667991678403,1.9281733075993837,2.835308693282914,4.437211827543573,6.285985871116381,7.8070913097222965,8.764144024755838,7.528984190352999,5.739539067238002,4.609495709222077,3.491803702349221,2.8143076430367486,2.1427238994582147,1.8813894909821929,1.2584044779184613,0.5020370419448978,-0.5429055218905637,-1.5977998238581874,-2.1279170351136854,-2.2425119568676135,-2.6726191528308947,-3.435971676009511,-4.873785908973261,-6.097757205191161,-7.045712240402532,-7.444633426926552
0.7602290022983025,1.327876221076823,2.1399152671375328,2.7559349133576134,2.8272387381360224,3.0653099061850826,3.4943917669353177,4.300617893085612,5.144492781782639,6.19302314677758,7.0450642125953005,6.473286078534435,5.244036210320578,4.548804241162208,3.693946991601164,3.695089688465889,3.162863431732137,2.57201926198748,1.4214552807474816,0.2916134942360999,-0.9756520137993919,-2.039810483142595,-3.4569071319292615,-4.529623251603752,-4.801630434608496,-4.525415780713912,-4.241211370987126,-4.197656022146245,-4.846338727462834,-6.088680438630087
-9.528081086324798,-8.516932652834209,-6.381436740839527,-4.110826278991065,-2.295114625239696,-1.287216348645294,-0.7987465940066288,-0.5477760925899788,-0.4929986600484544,0.4484095476368003,2.690560866042468,4.457416847108524,5.740787595851541,6.54520754654508,5.846707227591081,5.099797584642429,4.345495534398322,4.310724146866195,4.464258247921436,4.434613369650557,3.5254805336458324,2.1463378231403487,0.8185174793163507,-0.7940468075796837,-1.6928791898602924,-2.2488440963569647,-2.8433746275159044,-3.118707640816196,-3.5164916156262236,-4.2594425209440905
-9.26234002179363,-7.686221982364281,-6.164920763272484,-4.740925716549544,-3.0776599424613993,-1.276354565728143,0.6102826298478311,2.0630763138835158,3.3333623046043717,4.191593895457689,4.852681224425538,4.251632845667172,3.3869101791618976,2.746553577474143,2.142921960573559,2.351576742830111,3.0489267910090576,3.9742141192769234,4.858712683900045,5.111593429118713,5.461039773388566,5.553890455498287,5.35043045624479,3.7499286291976723,2.1127138892083286,0.09856421008715864,-1.9287673451260234,-4.611078677569819,-7.308077282620146,-9.680531838023017
-1.1412694999313464,-0.12612662098588154,0.7732356173914471,1.3041203241736339,1.8185247137632903,2.620994774830736,3.283490742374388,3.861660708544675,4.751588332671589,5.648254438573866,6.27967325996428,5.856418830179013,4.98079868830147,4.065623869950057,3.214048127640423,2.245028999410462,2.064916141301059,1.3832106348540056,1.003577677514849,-0.016799967973805993,-0.478485679627421,-1.0605919693887673,-1.373346358901074,-1.838798877061381,-2.1481565938920184,-2.7613057638838714,-3.1986795175697122,-3.6146354215564673,-4.5885249571243065,-6.1556230059132355
0.5321595332641549,1.0529279490421548,1.7729461122032175,2.831939180458065,3.7490729304235475,4.4572008010215045,4.565846839288212,4.253714917069701,4.06895963472477,4.493890060224347,5.66812925413387,5.472269695571375,4.88815045041104,4.167179916847652,3.2190542641979376,2.233493228478468,0.7525271432616738,-1.0316345071507231,-2.3681159087317596,-2.7708179204219214,-2.6315994437569477,-2.421398340453863,-3.0364592169656137,-3.6968649411571284,-4.81774802622724,-5.760163173870368,-6.46824880949663,-7.040256965664645,-7.906534389064382,-8.326589306550371
-0.1084285097834219,0.6590899579536755,1.6157349288721623,2.323309005271296,2.797893133669312,3.3282905915263936,4.114876846227771,5.093261326511288,5.981718743445317,6.569713316803275,6.803350197773796,6.054318858964601,5.097254964725469,4.340409741919872,3.6867562330440933,3.1983689327970155,2.3995395496468706,0.9977344497627711,-0.39410094109991334,-1.585182076793665,-1.96499987898218,-2.150669980778261,-2.6527653543696017,-3.2106125671553456,-3.5210176825258133,-3.679534681849294,-4.261700670440477,-5.334716196934767,-6.63800234379719,-7.736917799289304
-0.40030831134896927,-0.2286148253138369,-0.2146500316816328,0.2161574765129263,0.7653590119484484,1.1493539505217216,1.8921030744078349,2.9189860229265823,4.503219818870378,5.851518652253205,7.0581342215091505,6.64326849598321,5.561719161465221,4.324522525895786,3.609698747534442,2.999984232810795,2.7267107222599556,2.424330075249747,1.5557382979065486,0.9040302844176996,0.031342702067380795,-1.1077877105332217,-2.300609465335085,-3.3176262047825356,-4.031493335362832,-4.2675573087235446,-4.4594126954226,-4.660424604726583,-5.8623864144935025,-7.418400407682714
-2.195571462353742,-0.7478260061476595,0.9398251399715892,2.2506174935951373,2.811269096894497,2.962838185151873,3.250785554790763,3.778451095480289,4.965360390507834,5.964406724788333,6.709607415897517,6.0952364486641795,4.980597560582185,4.070126283757479,2.990572737903956,1.953035233171306,1.1195437033090563,0.8888508458634428,0.405292700804344,-0.09755465272233306,-0.545449917313226,-0.8123674974243366,-0.9991188652894939,-1.2387552105448458,-1.758694133783479,-2.8363912183516535,-4.261514502246407,-5.891985891145785,-6.9329255686671125,-7.451151899322718
-0.9025572468851031,-0.17381728071542857,0.5804657959917082,1.417941691928273,2.2568946708860893,2.689010403192604,3.2633704523598626,3.465171386479929,3.975378478673783,4.36307991145996,5.0892540242556965,4.807668945894745,4.382987542333246,3.592441884217607,2.531573126536847,1.767628046286118,1.2132940885730366,0.6545569179539057,0.20436968675313844,-0.6426283277897502,-1.296777236129401,-1.8857463085958734,-1.6355311072624032,-1.5008446580814123,-2.0366802489162334,-3.538300835421378,-5.092638274010339,-6.787218433475622,-8.208873133196487,-8.773455109424908
-0.7888522104408661,-0.36786877668803813,0.1525218543264733,0.8861819265765265,2.1954407330540997,3.8484329537197715,5.481871982946382,6.407265421559768,6.663023290943298,6.481756728454289,6.1650690961914405,4.820274852624113,3.8824002222384886,3.1877658466927774,3.1176265361515663,3.470138043219728,3.430393166004664,3.056268854209035,1.952475275715094,0.5474511856794252,-1.0116086020156836,-2.5208646956904532,-3.6540318870948605,-4.833551877421508,-5.162645314870033,-5.066393408413253,-4.991225803560896,-5.099482092328475,-5.208474481133716,-5.375748838655677
-9.383135213827359,-8.300052424327266,-6.478493805385237,-4.654040237023441,-3.103779385173329,-2.0310154944151684,-0.8864128127212972,0.701534169579417,2.3126180635897278,3.8662156843693842,5.134138912164141,5.4444262802251995,6.059564144824687,6.206719886017446,6.199650013352889,5.930297434152427,5.7466634736204485,5.491529967966746,5.024657811842318,5.001138575021612,5.089017159393496,4.859734115771478,3.8303413481655917,1.074038442771687,-1.5802397025916692,-3.678384779428016,-5.036019531083459,-5.258750627435038,-5.20845546716863,-5.799305475462674
-10.002180805255763,-9.09401758142472,-8.429628981366989,-7.4499905340618,-6.170245793644644,-4.532576953712066,-2.590336831366021,-0.9204104476645586,0.48276895100931183,1.6018760808829149,2.4138156308271204,2.381280975660588,2.9774475369086377,3.958432332337818,4.702822160418938,4.178087770013755,3.016919566590964,2.0907938615815884,2.076779212114319,2.6242951490502415,2.6470915558397183,2.4302052715658595,1.6887666211404604,0.05792068270217035,-0.8416199319464728,-1.665029660786393,-2.045474171809958,-2.8404055160440156,-3.590376948508747,-4.584630565202591
-9.05755949533562,-8.004051098414195,-7.074343866649771,-6.284624320404333,-5.4064900068771875,-4.402679548587884,-3.315382789531734,-1.755912692006642,0.21906934973240583,2.3913633333728224,4.5733682295549976,5.10609179781497,4.855439499110948,4.715918502031865,4.508501063528477,4.523605918508487,4.4304496769171715,3.685734677789806,2.852232365308044,2.4288105107521365,2.3061696300776546,2.950424582640529,3.3613534279884933,2.327662056309087,1.2152182094085602,-0.35931578559146127,-2.4608520508149305,-4.579888909284666,-6.201316000107666,-7.034816859403663
-1.3211005590750577,-1.1409756122538337,-0.5101939711062284,-0.24305608881160023,0.9622629301525301,2.5359811068819154,4.309567633310732,5.577875733072781,6.00482182488242,6.171235122556271,6.846617166721244,6.627231996885051,6.113344883230567,5.263384254487113,4.431389447682552,3.671790567673251,3.1589963016710105,2.593394543461713,1.905916563182872,0.66718832238501,-1.133136081740094,-3.0152096687490966,-3.8780909576440443,-4.191857043040834,-4.337332137377017,-4.851967169996563,-5.238035779386028,-5.848237571585702,-6.717475748685616,-7.827015747549541
-1.6793096010876307,-0.8964689230573888,0.03308978366581852,0.8186771594761949,1.8116029008919585,2.920452199065105,4.135481275145022,5.097114798663433,5.5009578898724385,5.322232238304989,5.022046673206733,3.842058180210702,2.9608388100449123,2.836736184616734,2.7137648520142776,2.813069149344619,2.8545640348579795,2.8543032872625234,2.5119030449148445,2.0261972427640558,1.2737209064672614,0.2516521960691155,-1.0245834869817443,-2.2727568861432697,-3.2213276188591067,-4.4288484094503495,-4.682929260601054,-5.27339466593389,-5.935980788852022,-7.180556432418774
-9.60358291331149,-9.309706510369196,-9.176852926810563,-8.151226882361755,-6.66129451494786,-4.4634856231294515,-2.1979435631380566,-0.18226559452687335,1.7265726862650501,3.049202484516646,3.93208892452057,3.2458369822190765,3.088680557502537,2.9125812447644357,2.6688857529216814,2.7563423733368757,2.5028463590389953,2.5691375943861208,2.79634726238232,2.9152369277537984,2.6287340988118544,1.9055714201938627,1.0222843193103313,-0.5484946105680211,-1.2501946214110278,-1.5858558639074098,-1.6678185054100858,-2.278323623714293,-3.195076292255598,-4.640349505905298
-7.3185792590162,-5.111061065851515,-3.1883925396230834,-2.164106295497613,-1.6902623930012999,-1.2132302649794096,-0.6158642855673696,0.5965726316778807,2.0284619113320117,3.0075671858875763,3.6546544893972848,3.5369406064319815,3.2641559232048962,3.653694209439212,4.455593565802889,5.656993186976038,6.326467906901985,6.3915359940111225,6.148209512645112,5.3869354974003105,4.886835941365047,4.2587625798839825,3.317011067964856,1.5715764897740374,-0.13907185520268953,-1.7223628421092827,-3.3174593492951012,-5.001575897244413,-6.575463568336359,-8.027456494068389
-8.581641649916518,-7.409299469029169,-6.742469034316878,-6.150623870764078,-5.168355089831048,-4.239514352478297,-3.150915877028064,-1.7225602398879185,0.18404176651843215,2.4966566048602017,4.3814739697128635,4.898451586698729,4.856225236083534,5.1252157145793165,4.959574877360314,4.31333539450381,3.7922684564434292,3.2824468819735535,3.2527400447127386,3.358929282843146,3.919918599327053,4.424565486008962,4.392995048246279,3.430212204871057,2.2491828239973444,0.7575376264623604,-0.7532881073839637,-2.076224468547763,-3.686915515436878,-5.181764015950071
-0.8783171530871857,-0.11094213893290014,0.46433125365657596,0.8431268881202478,1.8551639496872325,2.6591463342362376,3.9579567859287237,5.37904944304503,6.095730957074453,6.754855390000644,7.078804763708222,6.220822744347153,5.2077533489726715,4.585384146017719,4.147724061164164,3.766775564189692,3.334544213259122,2.3990738246141667,1.1490507706638604,0.20347461432191918,-0.5854118579479773,-1.2310320060328435,-1.6541209878550442,-2.0081054811314965,-2.6075398736417927,-3.515616894061889,-4.764397903673651,-5.889452315227246,-6.458427444088906,-6.497603691212776
-10.532402208991437,-10.015202865445957,-8.203863114613311,-6.40518100262665,-4.82517384965737,-4.261133113148626,-3.57131638367197,-2.197528731358158,-0.37300841658144646,1.1902981746357837,2.234692249895555,2.147645699641445,1.9797088091942017,2.383629572870903,2.8409108326422903,3.908062310495056,5.105142305903445,5.58457570687799,5.246639066323166,4.732443367511252,4.003791983291544,3.6084943436880588,2.9262212341219285,1.2835487835399344,0.6276542332682408,0.1901317202971068,-0.956649016013057,-2.2006667033913225,-3.9310852825709537,-5.761762220540949
-0.009759249375343684,0.7414662084481326,0.9391369484247852,1.241391619082991,1.7256260200121045,2.023358525001586,2.7102862568810755,3.606410860969405,4.342361420830834,5.397762865745768,6.39635795176383,6.160709156225938,5.3770566493346905,4.496624579244873,3.6254671139457195,2.9720549650114427,2.5642324134584493,1.9828256582705432,1.3398496415364687,0.38848295255890164,-0.527556274313016,-1.5134663002572333,-2.4644575363998418,-3.0915483674817446,-3.5253610772890958,-3.4533558170440024,-3.2445105023786023,-2.982073905594195,-3.5586775051101527,-4.368695352327522
-1.3688386343039247,-1.496765852708958,-1.3899473931990267,-0.527287491835572,0.7874250518747928,2.034069344692382,3.6969798883184106,5.508259243654803,7.252782182867938,8.346925605415437,8.910702117339657,8.033090137070205,6.996929732078774,5.947713052944484,4.84096290915197,3.7451510686799,2.6355606537183593,1.480315803325783,0.011544180002952653,-1.0047282848575783,-1.9221694711745896,-2.4334939812474548,-2.5539302108514597,-2.8092781227056114,-3.234034814116999,-3.5845985712225517,-3.8950474698483064,-4.276629714003125,-4.730226491339616,-5.350813911444866
-11.204683096272575,-9.512412613532696,-8.11198251062008,-7.236658537058487,-6.329043307413719,-5.3543542596113065,-3.8207182983388024,-1.545079140107169,0.8449225619939972,2.7425254828591457,4.339483388368065,4.829236423049316,4.883511922469716,4.930733156242153,5.042401584455727,4.92913569826969,4.949968570339249,4.365197855896513,4.288560082817106,4.461679998901015,4.486751799965383,4.492803381031056,4.19048419486996,2.8906129359146333,1.4912621532328065,-0.21183076419315539,-1.928539602868369,-3.5996618766285633,-5.046855337763298,-6.354824998845209
0.5302594896045126,1.323802319482365,1.993162059605119,2.3515723141834113,2.641696358718763,3.2531999396763696,4.235110415324186,4.715731398313518,5.376710943543803,5.961351931918753,6.451955642210741,5.846587185353366,5.481382617514193,5.35845874701658,5.024647435979846,4.130301011999668,3.003359388509277,2.0132041527181386,1.5433653086437018,0.7511335187902559,-0.027633570728871616,-1.1960559238755522,-2.3653457423049407,-3.1283714037852417,-4.115426339999949,-4.710870657383978,-5.322304561885035,-5.933079377417155,-6.48434668375988,-7.075237394397371
-1.7954180557416122,-1.3251609573851426,-0.3807362711718151,0.48594854147963196,1.4003289970790238,2.4697365442931347,3.0685272975389917,3.6377521580776184,4.204701192785787,5.134790021670478,6.123030470889811,5.9930097359939065,5.362880124015319,4.625994707082148,3.742443135472234,2.476003109856068,1.3950220179402608,0.9110127076328216,0.9417939896524621,1.0510171503312709,0.14288116808728793,-0.8404464529607097,-1.9604542991989855,-2.535185332500597,-3.0609135350687167,-4.018424300052022,-4.952960278223422,-6.259578734210159,-7.158139441886095,-8.031000941040684
-1.6408195270533874,-0.6523985872056008,0.01872153024672999,0.48710080247864684,1.1523501444855526,2.2201621018883073,3.2482766067928885,3.9194809172808207,3.841424827199317,4.118791126863934,4.753517256129411,4.6438006211652025,4.710101080718583,4.589681471373278,4.319597544666175,3.535472882569061,2.095352011695124,0.817030027767834,0.025444536004476992,-0.7547529239573516,-1.3106518569771899,-1.518130751724189,-2.1373294688255178,-2.9122241554158608,-3.485914330085901,-3.607476093191825,-3.3615848488346196,-3.4799042494576553,-3.926846076139175,-4.457378823175163
-0.6367160714213985,-0.6507745742566521,0.06592102423295348,1.5362726084268417,3.1235691631496776,4.565994873697588,5.263824447033291,6.121130903225796,6.470819280402491,6.820658089770905,6.7884538166523685,6.0126366014688655,5.052650908563097,4.553957580960348,3.4456794318689647,2.2008186172204804,1.1994574977887513,0.7182929288845976,0.6554914903789586,0.257179875667901,-0.6575242291766366,-1.8321885539089469,-2.950407827464275,-3.572070658510724,-3.931707678093203,-4.36123134652054,-4.488831065643047,-5.25742032138165,-5.696737164078976,-6.136482729397381
-8.818432826302113,-7.5976926881168545,-6.628889701303167,-5.471979934303559,-3.9934906880928205,-2.5006015554400496,-1.6504746912837178,-1.0262987819726783,-0.13408192488737716,1.5993003500880345,4.048478255565101,5.702259351692566,6.594102484250237,7.005328628073989,6.594364969060148,5.731077309510778,4.545029012489372,3.317178399921499,2.43719682488274,2.3584944790661746,2.8805991305623393,3.453222910684337,3.8181231143968635,2.8864836485607435,1.4465804307438133,-0.20687320069187798,-2.0447255369654096,-3.5019491254052135,-4.879721539318179,-6.04835435084828
-2.695502254992189,-1.937649884807453,-0.8696250883640041,0.2624133868587361,1.0447809074878271,2.04209494473241,2.6244190793936624,3.2063157232825215,3.48443371220628,4.205124471227078,4.7693813259507,4.477446346494955,4.158462911909277,3.9054660591219843,3.3161255840628665,2.2883126087582473,0.8941993115691562,-0.023774340679029688,-0.9601314098882082,-1.738047817624582,-2.0521788072318223,-2.1129553265777212,-2.3768325495402154,-2.7946753335571777,-3.1749120829200645,-3.5912319440248317,-4.158350341313701,-5.440615186213106,-6.733221042876786,-7.667053475838565
-0.49938007740345197,-0.02979459504285903,0.363302865034247,0.5512509480074174,1.0492886712153067,2.3588448863868834,4.133269915216263,5.233793859346458,6.025522575642483,6.147337366922598,6.128051195678461,4.886620950803249,3.9814071219700184,3.584560769727044,3.1579949765496345,2.480248589555119,1.6785680779498906,0.6742532048076898,-0.6361929816353797,-1.6052477195592372,-2.663789627197204,-2.9345485555008484,-3.0356085834341595,-2.874624306727168,-2.8489303526782095,-2.7770562995128394,-2.5553482391210367,-2.858938299486255,-4.081698942789287,-5.591758704629165
-0.09288790585527162,0.24958717854855766,0.38632480958987503,0.8826053573441257,1.8043675527952094,2.5389108579284523,2.9392078155120482,3.4979051848385545,4.15342294782744,5.277323742262811,6.803479425200446,7.08454060129476,6.455599792194759,5.045229508311547,3.200639674614463,1.9235006545249393,1.1808987637088628,0.7912571590126667,-0.06887212292988185,-1.3364135007168567,-2.0944184607453074,-2.339842365719783,-2.6947344724977884,-2.8305478165969937,-3.3501737688428403,-3.542033151583258,-3.7530839141620436,-4.343370974298766,-5.378038859437035,-6.636852343785304
